Observed,RF,XGB,BPNN,Stacking
23.937927,25.100132109324136,25.486040115356445,29.489498138427734,24.589369
23.937927,24.887688802083332,24.092161178588867,27.264375686645508,24.00292
23.937927,24.59749606450399,25.059892654418945,27.03304100036621,24.52595
23.937927,24.59474754333496,24.0452880859375,27.089157104492188,23.928879
31.784925,30.5103941599528,31.460107803344727,25.53481101989746,31.754627
31.784925,28.709046115875243,31.087553024291992,26.5959415435791,30.920963
31.784925,29.030513871510824,31.745729446411133,28.45526885986328,31.754627
31.784925,29.12347385406494,31.448495864868164,28.59958839416504,31.754627
25.043463,26.834485034942627,26.650054931640625,28.982763290405273,25.827171
25.043463,27.21588748931885,26.404918670654297,27.350894927978516,25.827171
25.043463,25.564654483795167,24.788209915161133,28.060649871826172,24.5283
25.043463,27.369700444539387,26.52410888671875,28.757308959960938,25.827171
27.623674,27.132325274149576,27.182878494262695,24.98683738708496,27.129377
27.623674,27.745701395670572,27.386043548583984,21.83510398864746,27.145584
27.623674,27.257928943634035,27.039749145507812,23.272855758666992,27.129377
27.623674,27.539784138997394,27.2093563079834,29.145599365234375,27.129377
27.95719,27.354268277486167,26.947856903076172,27.13880157470703,27.129377
27.95719,27.470677547454834,27.601703643798828,27.739370346069336,27.417025
27.95719,27.89193135579427,28.109947204589844,27.71921157836914,27.657627
27.95719,27.668528995513917,27.711729049682617,28.218778610229492,27.657627
30.220533,29.87233439763387,30.25310707092285,25.18115234375,29.809355
30.220533,30.00470916748047,30.13692855834961,25.29384994506836,29.809355
30.220533,29.934047578175864,29.945022583007812,25.380443572998047,29.78585
30.220533,29.85566006978353,30.213871002197266,28.10059356689453,29.809355
26.996906,26.823704865773518,27.53584098815918,28.491989135742188,27.145584
26.996906,27.647276719411213,27.419750213623047,29.136085510253906,27.145584
26.996906,27.943805929819742,28.30487632751465,28.301977157592773,27.657627
26.996906,27.30463431040446,27.184921264648438,27.43235206604004,27.129377
30.189384,29.299222971598308,29.77398681640625,30.449214935302734,29.624292
30.189384,28.824460995992023,29.228273391723633,29.837589263916016,28.995789
30.189384,29.69297051111857,30.09146499633789,29.05350112915039,29.809355
30.189384,28.757934964497885,29.098018646240234,29.065160751342773,29.098019
27.355207,28.328374449412028,28.127586364746094,31.815034866333008,27.526363
27.355207,27.697344010670978,27.414329528808594,28.479049682617188,27.145584
27.355207,28.507632586161296,28.209001541137695,30.878026962280273,27.526363
27.355207,28.36713679631551,27.69487190246582,31.62776756286621,27.300598
22.897474,23.80463115056356,23.599945068359375,24.443647384643555,23.546618
22.897474,23.979462127685547,23.79532241821289,28.621749877929688,23.561918
22.897474,23.743301677703858,23.772520065307617,29.728641510009766,23.543701
22.897474,23.6128133837382,23.323434829711914,25.319686889648438,23.546618
24.439606,25.45675043741862,24.612789154052734,29.732934951782227,24.431467
24.439606,24.72789056777954,24.815906524658203,27.222957611083984,24.454258
24.439606,25.01039031346639,24.838869094848633,24.549930572509766,24.5283
24.439606,25.144212951660155,24.6719913482666,24.272991180419922,24.5283
27.180798,27.34929032643636,27.16316795349121,27.494388580322266,27.129377
27.180798,25.727457631429036,26.358129501342773,27.023509979248047,25.827171
27.180798,27.17690713882446,27.11446762084961,28.863821029663086,27.129377
27.180798,26.37419136683146,27.315616607666016,25.562828063964844,27.145584
28.394964,27.857266070048013,28.218212127685547,26.70273780822754,27.657627
28.394964,28.399329954783123,28.12905502319336,29.64944076538086,27.590408
28.394964,28.106858348846437,28.09136962890625,28.53611946105957,27.657627
28.394964,27.96122170130412,28.128936767578125,29.884923934936523,27.590408
24.188545,25.21410645802816,24.517744064331055,28.0654239654541,24.434383
24.188545,24.942714500427247,23.9499568939209,27.868017196655273,23.652643
24.188545,24.971470190684002,24.337156295776367,26.8779239654541,24.434383
24.188545,26.06259709040324,24.998458862304688,31.499998092651367,24.493462
31.37065,30.945833524068195,31.434329986572266,29.742122650146484,31.533464
31.37065,29.738695608774822,30.972265243530273,27.282007217407227,30.920963
31.37065,30.886778933207193,31.592365264892578,31.771852493286133,31.533464
31.37065,30.413695487976074,30.935508728027344,28.220277786254883,30.920963
36.401535,33.59295672098796,34.46418762207031,29.619199752807617,35.049095
36.401535,34.712294540405274,35.84540557861328,29.354333877563477,36.007664
36.401535,32.80309834798177,34.46284866333008,24.782899856567383,35.25903
36.401535,33.934247118632,35.674564361572266,30.69931411743164,35.53693
24.65187,26.368867715199787,25.357831954956055,29.780174255371094,24.589369
24.65187,28.796775824228924,26.450580596923828,27.099201202392578,25.827171
24.65187,27.93509489695231,26.47865104675293,27.505578994750977,25.827171
24.65187,28.509625670115152,26.131629943847656,26.856460571289062,25.53228
27.068449,27.300416170756023,26.87224578857422,26.9399356842041,26.660685
27.068449,27.891954657236735,27.67402458190918,28.93780517578125,27.417025
27.068449,27.62580187479655,27.568267822265625,29.125808715820312,27.417025
27.068449,27.662929890950522,27.26047706604004,27.728126525878906,27.129377
25.726221,30.80059368769328,29.745384216308594,28.187782287597656,29.691645
25.726221,25.444404214223226,25.122739791870117,26.24626350402832,24.59999
25.726221,25.88869815826416,26.54893684387207,25.814550399780273,25.827171
25.726221,25.29143788655599,25.27211570739746,26.26637840270996,24.59999
23.141281,24.290863672892254,24.037778854370117,28.092029571533203,23.912195
23.141281,23.963187472025552,23.20281219482422,25.68968963623047,23.546618
23.141281,23.779983189900715,23.793987274169922,27.991817474365234,23.561918
23.141281,24.079549878438314,23.298477172851562,26.105552673339844,23.546618
24.563797,26.122333844502766,25.39569664001465,25.032629013061523,24.59999
24.563797,25.334057534535727,24.338964462280273,24.565595626831055,24.434383
24.563797,25.32744546890259,24.679838180541992,25.813316345214844,24.5283
24.563797,24.927829106648762,24.442916870117188,24.757341384887695,24.434383
29.34136,28.725900955200196,29.783565521240234,29.71103286743164,29.624292
29.34136,29.183738333384195,29.468420028686523,27.11037254333496,29.098019
29.34136,29.263895651499432,29.199886322021484,27.97519302368164,29.098019
29.34136,29.357288398742675,29.423898696899414,28.1121768951416,29.098019
30.020813,29.427802956899008,29.87574577331543,27.95299530029297,29.78585
30.020813,29.063921279907227,30.096506118774414,29.263917922973633,29.809355
30.020813,28.992201608022054,29.976943969726562,29.042879104614258,29.78585
30.020813,29.56255463282267,30.104856491088867,27.339935302734375,29.809355
27.766651,28.023720455169677,27.89688491821289,25.007753372192383,27.657627
27.766651,28.52542714436849,28.163572311401367,28.44481658935547,27.657627
27.766651,28.099608656565348,27.861600875854492,27.70189094543457,27.657627
27.766651,27.807267888387045,27.587833404541016,27.045913696289062,27.417025
24.414757,26.241933638254803,25.771724700927734,28.826740264892578,25.419182
24.414757,26.31400541305542,25.332372665405273,27.412860870361328,24.59999
24.414757,26.39592383702596,25.03266716003418,27.93035125732422,24.59999
24.414757,27.1685528755188,25.404970169067383,27.112260818481445,24.59999
24.05987,25.12849392573039,24.25070571899414,28.17279052734375,24.434383
24.05987,25.223399340311687,24.10753059387207,27.973146438598633,24.00292
24.05987,32.834294128417966,31.838613510131836,29.34873390197754,29.485
24.05987,25.59837594985962,24.812620162963867,28.401884078979492,24.5283
27.966366,33.35047583262126,31.069499969482422,31.243173599243164,29.369825
27.966366,28.5987744140625,27.931793212890625,28.491716384887695,27.657627
27.966366,29.30337339401245,28.401290893554688,33.666236877441406,28.12219
27.966366,27.84066021601359,27.555736541748047,25.560733795166016,27.417025
26.160658,27.315790990193683,26.404516220092773,26.09122085571289,25.827171
26.160658,28.052893511454265,27.132915496826172,28.42706298828125,27.129377
26.160658,26.64055322011312,26.23345184326172,27.621726989746094,25.827171
26.160658,26.964033190409342,26.41946792602539,25.752195358276367,25.827171
29.252542,29.404289786020914,29.218637466430664,30.321332931518555,28.995789
29.252542,29.84940985361735,29.365802764892578,32.84587478637695,28.897963
29.252542,29.350146357218424,29.24134635925293,29.23837661743164,29.098019
29.252542,29.21778589248657,29.113637924194336,30.06218147277832,28.995789
27.277042,28.540221366882324,27.675487518310547,30.997037887573242,27.300598
27.277042,28.55436841964722,27.53398895263672,29.69766616821289,27.109377
27.277042,28.17632355372111,27.70370864868164,31.091943740844727,27.526363
27.277042,27.83490790685018,27.37887954711914,28.93309211730957,27.145584
28.122353,27.612184378306072,27.861875534057617,27.167932510375977,27.657627
28.122353,27.288933823903402,27.819971084594727,25.92970848083496,27.657627
28.122353,27.383133538564046,27.694915771484375,28.353059768676758,27.657627
28.122353,27.170009848276774,28.84578514099121,28.45241355895996,28.244022
32.56842,30.882317854563397,31.30020523071289,30.31248664855957,31.457895
32.56842,30.276094468434653,31.808286666870117,29.240234375,31.947964
32.56842,30.97433863957723,31.352006912231445,29.69956398010254,31.533464
32.56842,30.69264965057373,31.793659210205078,30.611387252807617,31.78003
26.39289,27.71848212560018,26.49920082092285,29.126501083374023,25.827171
26.39289,27.837030804951986,27.277795791625977,30.39980125427246,26.969175
26.39289,27.202147426605226,26.25666046142578,28.216022491455078,25.827171
26.39289,27.681347796122232,26.38298225402832,32.445770263671875,25.792334
26.269094,28.324024728139243,26.891511917114258,27.451520919799805,26.660685
26.269094,29.094372634887694,27.040605545043945,31.365257263183594,27.029125
26.269094,28.537688897450764,26.81970977783203,29.427846908569336,26.650063
26.269094,28.619091879526774,27.304725646972656,27.599445343017578,27.129377
33.38185,30.693175786336262,31.463314056396484,34.48609161376953,31.78003
33.38185,30.278785228729248,31.346210479736328,32.380104064941406,31.874235
33.38185,34.4842670249939,35.39449691772461,35.144832611083984,35.37005
33.38185,29.86819262822469,31.301143646240234,31.20646095275879,31.874235
30.450293,31.34641003290812,30.805606842041016,31.994583129882812,30.23792
30.450293,31.19076654434204,30.896772384643555,34.23399353027344,30.74777
30.450293,29.96676135381063,28.929912567138672,28.793598175048828,29.088398
30.450293,32.62822703679403,30.972789764404297,30.86332130432129,30.034906
31.22633,30.203945662180583,31.0675106048584,28.989377975463867,30.920963
31.22633,30.159813683827718,30.866865158081055,28.607097625732422,30.434357
31.22633,32.11107629776001,31.189260482788086,27.489538192749023,31.375648
31.22633,30.191272862752278,30.69276237487793,29.05660057067871,30.434357
29.04106,30.10394744873047,29.22445297241211,28.884044647216797,29.088398
29.04106,29.648015670776367,29.531980514526367,30.436996459960938,29.086489
29.04106,29.96052286783854,29.510971069335938,29.833396911621094,29.210484
29.04106,30.19068852742513,29.340831756591797,30.535280227661133,28.838013
32.48813,31.297980505625407,31.710994720458984,29.192880630493164,31.607193
32.48813,31.253325341542563,31.861371994018555,29.984027862548828,32.188625
32.48813,34.0734623336792,33.22945785522461,30.64581298828125,33.049698
32.48813,30.194487794240317,31.2618350982666,29.668981552124023,31.798666
30.658768,32.78500169754028,31.617794036865234,34.981544494628906,30.820536
30.658768,30.245361200968425,30.2753963470459,33.84369659423828,29.730368
30.658768,31.946753419240316,30.937114715576172,32.26197814941406,30.619574
30.658768,29.728339392344157,30.40034294128418,34.87592697143555,29.98906
30.031036,31.600492877960207,31.308032989501953,29.44368553161621,31.487263
30.031036,29.591491209665936,30.045377731323242,27.752471923828125,29.78585
30.031036,29.31837173461914,29.346942901611328,28.497169494628906,29.098019
30.031036,29.038301696777342,28.939374923706055,29.193498611450195,29.098019
30.00198,30.55856482187907,30.141847610473633,31.54224967956543,29.707125
30.00198,30.896207288106282,30.124513626098633,33.422080993652344,29.612919
30.00198,31.631072839101154,31.76502227783203,37.505950927734375,31.440025
30.00198,30.564553604125976,29.93054962158203,31.080642700195312,29.68362
31.669172,30.677295564015708,31.651601791381836,30.40346908569336,31.78003
31.669172,30.108779627482097,31.044376373291016,29.971237182617188,30.818733
31.669172,30.531287371317546,31.411483764648438,27.58091163635254,31.754627
31.669172,30.851618474324543,31.250905990600586,28.83547019958496,31.531624
31.674145,31.23701379776001,31.098716735839844,29.312236785888672,30.753029
31.674145,31.058609981536865,31.31939125061035,29.29076385498047,31.533464
31.674145,31.581327705383302,31.746633529663086,28.67635154724121,31.560991
31.674145,31.03454038619995,31.648048400878906,28.03347396850586,31.607193
25.714518,32.2204162979126,30.515098571777344,32.46562576293945,28.63519
25.714518,32.87654167175293,31.440889358520508,32.68196487426758,29.485
25.714518,32.37508819580078,30.48815155029297,33.454734802246094,28.63519
25.714518,32.9565749613444,30.450164794921875,33.505855560302734,27.308208
33.51509,33.261116371154785,33.5069465637207,30.789472579956055,33.612144
33.51509,33.85707114537557,34.22978210449219,31.928783416748047,34.302288
33.51509,33.42449820200602,33.172279357910156,30.487070083618164,33.066673
33.51509,33.253485933939615,33.533809661865234,32.73368835449219,33.54492
26.70134,28.340328006744386,27.632192611694336,29.76163101196289,27.364643
26.70134,28.537135461171466,27.377775192260742,30.162109375,27.109377
26.70134,28.18384199142456,26.86504364013672,30.238962173461914,26.650063
26.70134,29.80192761739095,28.599321365356445,29.67629051208496,28.129211
34.73816,33.518319098154706,33.518672943115234,29.26924705505371,33.7951
34.73816,32.9177691968282,33.09520721435547,29.047828674316406,32.68935
34.73816,33.62094108581543,34.47017288208008,34.23825454711914,34.727932
34.73816,33.11231227874756,33.803428649902344,27.629295349121094,33.81889
30.405745,32.80716997146607,32.10978317260742,31.84174156188965,31.40913
30.405745,32.43959046681722,30.869354248046875,27.847124099731445,29.65053
30.405745,33.22925687789917,31.160242080688477,31.97199821472168,29.818392
30.405745,32.264215291341145,31.419021606445312,27.996173858642578,31.05711
29.107672,31.018798294067384,31.270156860351562,34.801918029785156,31.457895
29.107672,29.289892609914144,28.407249450683594,30.3411865234375,28.162992
29.107672,29.107366695404053,29.15183448791504,29.700275421142578,28.995789
29.107672,30.62693033218384,29.41366958618164,29.67485809326172,28.950191
34.412117,34.00358008066813,34.66943359375,30.69313621520996,35.102936
34.412117,34.016272945404054,34.675907135009766,34.65203094482422,35.035713
34.412117,33.42744905471802,34.25405502319336,30.647186279296875,34.36951
34.412117,33.91137487411499,34.19217300415039,33.948333740234375,34.302288
35.852657,34.835432624816896,34.75775909423828,33.752708435058594,35.002953
35.852657,34.67815800348917,35.306339263916016,33.246849060058594,35.35296
35.852657,34.49420876820882,35.171104431152344,30.334972381591797,35.44141
35.852657,34.150866743723554,33.87344741821289,31.20721435546875,34.225918
31.088707,29.586438554128012,30.970521926879883,28.616043090820312,30.920963
31.088707,29.461042181650797,29.568138122558594,28.686634063720703,29.346495
31.088707,30.075225880940756,30.959074020385742,32.26360321044922,30.818733
31.088707,33.140011393229166,33.23493957519531,29.937541961669922,32.615627
33.42314,33.2967152150472,33.813777923583984,29.414775848388672,34.30967
33.42314,33.48018315633138,33.470123291015625,31.683063507080078,33.54492
33.42314,33.37301256815592,33.40028762817383,28.29307746887207,33.7951
33.42314,33.276246089935306,32.780452728271484,29.152843475341797,33.232655
28.704473,29.370471439361573,28.391286849975586,32.07627868652344,28.098948
28.704473,29.401336867014567,28.699188232421875,30.784883499145508,28.098948
28.704473,29.980007228851317,29.575042724609375,34.41297912597656,29.169682
28.704473,29.45801549911499,28.45949363708496,31.835554122924805,28.098948
32.303783,30.615988279978435,30.600872039794922,33.03059387207031,30.23792
32.303783,31.08324909210205,32.20708084106445,32.0261344909668,32.408672
32.303783,32.189989681243894,32.95212936401367,32.81848907470703,32.398212
32.303783,30.947302691141765,32.03828048706055,32.12644577026367,32.089203
32.80002,33.27475559234619,32.912044525146484,31.882585525512695,32.982475
32.80002,33.38655423482259,32.43644714355469,31.080493927001953,33.049698
32.80002,33.15950167973836,32.62095642089844,30.065399169921875,32.88651
32.80002,33.00655977884929,33.483402252197266,30.91832160949707,33.1611
32.619656,32.3864248085022,32.78417205810547,33.34061050415039,32.547745
32.619656,32.245290699005125,32.70624923706055,31.46507453918457,32.51564
32.619656,32.11126686731974,32.60083770751953,31.733858108520508,32.621124
32.619656,32.69215404510498,32.8209342956543,31.972545623779297,32.547745
32.33598,32.11067215601603,31.615461349487305,34.91659927368164,31.42913
32.33598,32.351756445566814,32.53377151489258,33.78505325317383,32.547745
32.33598,32.70916856129964,32.33257293701172,36.615257263183594,32.185486
32.33598,32.10079675038656,32.219512939453125,32.858097076416016,32.03752
35.014553,30.673699544270832,32.34698486328125,29.98174285888672,33.529778
35.014553,31.472838389078778,33.142356872558594,30.432077407836914,33.30805
35.014553,32.84847961425781,33.47294235229492,27.8167667388916,33.251797
35.014553,34.0351664797465,34.0943489074707,30.285816192626953,34.413628
34.34594,33.561883557637536,34.262271881103516,33.54713821411133,34.302288
34.34594,33.19098337173462,33.38713455200195,30.669649124145508,33.612144
34.34594,33.96585577646891,33.900657653808594,33.74396896362305,34.092464
34.34594,33.89094148000081,33.96731185913086,34.55464553833008,34.092464
39.176487,34.93471612930298,35.96249008178711,33.44822692871094,36.335133
39.176487,36.27453218460083,38.13567352294922,32.171756744384766,38.088905
39.176487,36.81099796295166,38.44753646850586,36.30076217651367,38.60585
39.176487,37.34118680953979,38.14524459838867,32.28366470336914,38.088905
33.50596,33.90592393875122,34.4578742980957,35.6890983581543,34.639175
33.50596,34.42794948577881,34.40190887451172,32.646934509277344,34.2031
33.50596,32.71736461003621,32.13166046142578,29.65443229675293,31.785456
33.50596,32.47621042251587,33.27608108520508,31.706275939941406,32.547745
37.781254,36.14209719975789,36.170623779296875,32.192169189453125,36.335133
37.781254,36.16467391967773,37.11164093017578,35.06402587890625,37.249355
37.781254,37.284439640045164,38.1490478515625,30.334148406982422,35.99203
37.781254,34.85142150878906,36.55525207519531,33.77021789550781,36.874054
36.537395,33.4604428545634,34.11128616333008,29.68299102783203,34.413628
36.537395,34.20361769358317,34.564693450927734,30.337749481201172,35.339
36.537395,34.023589324951175,34.96274185180664,36.617122650146484,35.26391
36.537395,35.2210756111145,36.28201675415039,35.01844787597656,36.352222
34.224987,33.600923175811765,33.97420120239258,30.581239700317383,34.159687
34.224987,33.98678960164388,34.231422424316406,33.11912155151367,34.302288
34.224987,34.40904286066691,34.268463134765625,31.22626495361328,34.320526
34.224987,34.28275815327962,34.240814208984375,31.200698852539062,34.417866
33.601013,33.67340199152628,33.70244216918945,28.67776870727539,33.7951
33.601013,33.75974563598633,33.63703155517578,27.541244506835938,33.7951
33.601013,33.56745987574259,33.73124313354492,26.593421936035156,34.362194
33.601013,33.61300387064616,33.593597412109375,30.152706146240234,33.72138
34.979794,34.078445784250896,33.77987289428711,33.84931564331055,34.092464
34.979794,35.043846677144366,34.64242172241211,37.36416244506836,35.020042
34.979794,34.775851783752444,33.937068939208984,36.969303131103516,34.00453
34.979794,34.68661565144857,34.518402099609375,35.51755142211914,34.716755
34.21098,34.18891983032226,34.229820251464844,33.05357360839844,34.302288
34.21098,35.51523529688517,34.522247314453125,33.431644439697266,34.699665
34.21098,34.87596350987752,34.3836784362793,32.911109924316406,34.27402
34.21098,34.785831985473635,35.0316047668457,34.970664978027344,35.249023
39.952766,34.36530886332194,34.2083854675293,39.236759185791016,34.58207
39.952766,38.04966899871826,38.887916564941406,38.352989196777344,39.435135
39.952766,35.31491097132365,37.948936462402344,36.15856170654297,38.616634
39.952766,36.899847151438394,38.588172912597656,33.558815002441406,38.786694
29.466843,29.607779769897462,29.342836380004883,30.846323013305664,28.897963
29.466843,29.612083002726237,29.584510803222656,30.90436363220215,29.624292
29.466843,30.8858983929952,29.47344970703125,33.99717330932617,29.169682
29.466843,29.928660519917806,28.991012573242188,31.631078720092773,28.897963
33.044678,36.412313035329184,37.54996871948242,33.80722427368164,37.089214
33.044678,32.552180773417156,32.75347900390625,32.950740814208984,32.547745
33.044678,32.763951733907064,32.706298828125,34.5236930847168,32.547745
33.044678,32.94054988225301,33.97764587402344,31.794187545776367,33.728275
41.91735,38.10294569015503,40.46258544921875,34.46955490112305,41.73877
41.91735,38.076367994944256,40.74808883666992,32.789520263671875,41.73877
41.91735,37.67956881841024,39.14715576171875,35.592735290527344,38.60585
41.91735,36.89257438023885,38.66835021972656,31.67438316345215,37.313435
32.120205,32.693819777170816,31.76556968688965,36.09867858886719,31.035023
32.120205,33.850191872914635,34.173336029052734,39.478336334228516,34.143284
32.120205,33.142880013783774,32.9903564453125,34.17008972167969,32.728443
32.120205,31.855623168945314,31.132516860961914,33.43940353393555,30.928602
37.614056,33.218410606384275,34.69496536254883,36.22003936767578,35.113747
37.614056,34.603401025136314,35.22111129760742,30.958438873291016,35.259033
37.614056,31.899801336924234,32.49198532104492,33.84395980834961,33.307804
37.614056,32.333629811604816,33.85283279418945,31.194011688232422,34.18043
27.166357,32.328420855204264,32.727752685546875,34.44564437866211,32.398212
27.166357,29.841478939056397,29.562076568603516,31.464824676513672,29.146439
27.166357,29.734423961639404,28.99449920654297,35.75971984863281,28.974636
27.166357,30.618077309926353,30.86506462097168,30.653287887573242,30.23792
33.864265,33.117981586456295,33.913597106933594,33.74870681762695,33.728275
33.864265,34.955104236602786,34.46836471557617,32.53740692138672,34.699665
33.864265,33.871408767700196,33.94702911376953,34.57571029663086,34.092464
33.864265,33.14258703231812,32.972137451171875,28.180522918701172,32.96023
26.477175,30.806386165618896,28.758806228637695,30.218679428100586,28.093235
26.477175,30.378059113820395,27.63046646118164,31.56989288330078,27.138718
26.477175,29.952633609771727,28.700231552124023,32.10355758666992,28.065166
26.477175,30.174576466878253,27.400949478149414,30.753650665283203,26.919428
28.94172,31.703868637084963,31.113697052001953,29.418899536132812,30.619574
28.94172,32.239251117706296,32.99203109741211,33.90945816040039,32.398212
28.94172,31.442885862986248,31.114397048950195,32.3797492980957,30.678326
28.94172,33.008088773091636,33.322837829589844,32.530025482177734,32.481224
31.94937,32.826103375752766,32.335811614990234,33.88937759399414,32.101875
31.94937,32.96456398010254,33.8206672668457,32.24687194824219,33.591213
31.94937,32.90880376815796,33.50162887573242,36.09722900390625,33.06076
31.94937,33.668834133148195,34.37015151977539,35.71926498413086,34.319378
30.922543,32.487396558125816,32.47023010253906,29.06749153137207,32.75587
30.922543,32.18067077636719,32.25481033325195,27.89277458190918,32.022736
30.922543,32.997441577911374,33.03126525878906,34.49991226196289,32.481224
30.922543,33.99877439498901,30.339296340942383,44.11813735961914,30.142622
27.52737,27.93832513809204,27.566726684570312,29.400129318237305,27.364643
27.52737,27.816076691945394,27.57501220703125,26.299890518188477,27.417025
27.52737,28.796431967417398,27.71556854248047,30.18022918701172,27.590408
27.52737,28.390789756774904,27.591398239135742,27.559326171875,27.417025
28.732841,29.201073188781738,28.7094669342041,28.536657333374023,28.244022
28.732841,29.47911688486735,28.55083465576172,27.602773666381836,28.244022
28.732841,29.555543047587076,28.780391693115234,30.195632934570312,28.162992
28.732841,29.75500567118327,28.273027420043945,29.664413452148438,27.580788
31.945818,31.61979917526245,30.66309928894043,33.647315979003906,30.249516
31.945818,31.319898935953777,31.90024185180664,30.50379753112793,32.17165
31.945818,31.510793425242106,30.710725784301758,33.694252014160156,30.249516
31.945818,31.2239293162028,31.668214797973633,32.14313507080078,31.533464
34.2751,33.92493361790975,34.212318420410156,34.721492767333984,34.302288
34.2751,32.81879504521688,34.29869079589844,33.757774353027344,34.021828
34.2751,34.200474166870116,34.470802307128906,35.749183654785156,34.727146
34.2751,32.87043866475423,34.262874603271484,32.9716796875,33.9381
28.531765,31.297737210591634,28.795198440551758,33.98063278198242,28.052433
28.531765,29.94422737121582,28.50914192199707,31.392534255981445,28.065166
28.531765,30.032271289825438,28.646453857421875,30.279491424560547,28.129211
28.531765,30.176923306783042,28.907514572143555,31.60809326171875,28.065166
34.368244,34.0381507619222,34.38743209838867,31.90802001953125,34.302288
34.368244,32.51685042699178,33.74847412109375,31.39093780517578,33.8198
34.368244,34.25263268152873,34.26905059814453,32.14099884033203,34.284412
34.368244,33.275351702372234,33.390743255615234,32.89851379394531,33.54492
31.428583,31.98520471572876,31.443321228027344,31.56825065612793,31.37749
31.428583,32.370597216288246,31.939611434936523,31.78905487060547,31.616072
31.428583,32.251662254333496,31.080108642578125,31.279613494873047,30.034906
31.428583,31.968168233235676,31.56475067138672,30.94085121154785,31.37749
33.55045,33.156395511627196,33.2808837890625,34.81377410888672,32.950798
33.55045,33.388804569244385,33.58876419067383,35.19607162475586,33.56201
33.55045,33.41649319966634,33.54343795776367,34.018890380859375,33.54492
33.55045,33.2020134417216,33.517372131347656,33.23936080932617,33.54492
36.328636,33.43980601628621,34.8881721496582,35.415287017822266,35.12103
36.328636,33.801016642252605,35.3913459777832,37.11407470703125,35.410774
36.328636,35.99488032023112,36.57345199584961,37.865718841552734,36.891144
36.328636,33.99000811258952,35.39570617675781,36.35467529296875,35.37005
34.730873,33.82711748123169,34.382713317871094,32.75923538208008,34.302288
34.730873,33.46041900634766,34.46775436401367,32.59745407104492,34.727932
34.730873,33.50747475306193,33.959693908691406,32.87284851074219,34.092464
34.730873,34.32932771046956,34.63294982910156,31.665939331054688,35.017838
32.541325,32.556877040863036,32.33417510986328,33.47064971923828,32.168396
32.541325,31.961733582814535,32.4338493347168,31.885005950927734,32.621124
32.541325,32.28623062133789,32.694602966308594,34.19413375854492,32.398212
32.541325,32.05554674784342,32.41083908081055,32.7043571472168,32.621124
27.975515,28.898670756022135,28.141237258911133,29.077768325805664,27.657627
27.975515,28.868911050160726,27.828784942626953,28.482816696166992,27.657627
27.975515,29.288642374674478,28.71004867553711,30.289913177490234,28.162992
27.975515,28.368086427052816,28.051538467407227,29.06622314453125,27.657627
36.337208,35.15492904663086,35.781654357910156,35.158607482910156,35.750145
36.337208,35.06383723576864,35.784889221191406,34.70515441894531,35.733055
36.337208,35.18868309020996,36.367271423339844,31.38521957397461,36.429634
36.337208,34.377325229644775,36.02304458618164,35.55326461791992,36.352222
31.497118,32.54529337565104,31.863279342651367,31.574419021606445,31.616072
31.497118,32.198989645640054,31.73690414428711,33.97365951538086,31.18913
31.497118,32.94752309799194,32.32997131347656,36.23628616333008,31.878782
31.497118,32.69417357762654,32.03850173950195,35.92036819458008,31.702692
34.08545,33.777039165496824,34.03723907470703,34.861446380615234,34.137707
34.08545,34.317185134887694,34.00745391845703,34.874637603759766,34.043076
34.08545,33.60866874059041,33.46257781982422,37.195648193359375,33.56201
34.08545,33.48765697479248,33.660125732421875,34.51020050048828,33.54492
36.35813,34.66985851923625,36.152156829833984,36.07239532470703,36.352222
36.35813,34.23018130620321,35.70619583129883,34.148616790771484,35.733055
36.35813,34.59204214731852,35.881736755371094,37.97066879272461,35.984962
36.35813,34.710455684661866,35.93682098388672,32.15045166015625,35.967873
33.669544,32.52908697128296,32.91432189941406,32.67303466796875,32.547745
33.669544,32.682163632710775,32.8354377746582,30.87383270263672,32.665173
33.669544,33.02277949651082,33.64923095703125,32.57173538208008,33.04367
33.669544,32.15464745839437,32.60874557495117,28.70319175720215,32.82925
44.6564,40.30875857035319,41.43003845214844,39.057064056396484,42.658413
44.6564,40.56508079528808,41.819461822509766,36.9058837890625,42.53655
44.6564,41.22342778523763,42.99988555908203,40.105079650878906,44.211414
44.6564,38.82905080795288,40.04501724243164,34.625118255615234,42.059826
22.982143,26.711799443562825,23.774028778076172,28.6688175201416,23.652643
22.982143,24.681195691426595,23.094118118286133,29.568368911743164,23.560385
22.982143,24.95941514968872,23.769180297851562,21.114587783813477,23.637342
22.982143,26.47909413655599,23.388389587402344,25.935638427734375,23.637342
35.88773,34.2371271387736,35.5937385559082,30.910802841186523,35.496864
35.88773,35.610528246561685,36.143104553222656,35.03904724121094,36.352222
35.88773,34.32892063140869,35.05910873413086,29.19795036315918,35.492645
35.88773,34.87119175593058,35.47724533081055,32.7935905456543,35.69299
30.739677,30.808453617095946,29.725561141967773,29.271242141723633,29.691645
30.739677,31.279179706573487,30.588539123535156,32.17082977294922,30.23792
30.739677,30.63405248006185,30.96857261657715,31.217134475708008,30.724527
30.739677,30.820243193308514,30.455900192260742,29.995729446411133,29.612919
27.780605,29.79632374445597,27.803895950317383,32.3342170715332,27.492582
27.780605,32.77941687901815,30.015155792236328,34.200416564941406,28.81153
27.780605,29.49002325693766,28.056222915649414,32.57738494873047,27.526363
27.780605,29.27486321767171,28.206533432006836,32.069580078125,27.526363
27.544493,29.147241547902425,28.329896926879883,28.55970573425293,27.657627
27.544493,28.926813545227052,29.397680282592773,29.526853561401367,28.995789
27.544493,28.69261215845744,27.765579223632812,28.745004653930664,27.657627
27.544493,28.429901968638102,27.40803337097168,24.76433753967285,27.145584
31.023556,31.328517347971598,31.470279693603516,33.1219596862793,31.533464
31.023556,31.88997657140096,31.50349998474121,33.68307113647461,31.463064
31.023556,31.690601749420168,31.074094772338867,31.858654022216797,30.619574
31.023556,31.411638774871825,31.516515731811523,29.490142822265625,31.487263
36.71662,35.51485242843628,36.04933166503906,36.92042922973633,36.352222
36.71662,37.62864949544271,37.21676254272461,33.841224670410156,37.232265
36.71662,36.210568014780684,36.44645690917969,38.60371780395508,36.352222
36.71662,36.77532879511515,37.18251419067383,38.088523864746094,37.249355
40.79222,37.428406925201415,38.58025360107422,37.955997467041016,38.60585
40.79222,39.451078446706134,39.30706024169922,37.81981658935547,40.10406
40.79222,36.5729944674174,38.021881103515625,36.70442199707031,38.105995
40.79222,38.42452254613241,39.08229446411133,41.66037368774414,40.008743
34.635056,35.222906564076744,35.013484954833984,37.4713134765625,35.249023
34.635056,35.02184670130412,34.667083740234375,37.00214767456055,35.020042
34.635056,35.48680511474609,34.42063903808594,36.73908996582031,34.61091
34.635056,34.94344445546468,34.67191696166992,38.681156158447266,35.020042
35.341206,34.76461542129517,35.28352355957031,34.65583801269531,35.35296
35.341206,34.81610768000285,35.27626037597656,30.331993103027344,35.512974
35.341206,35.555604178110755,35.942195892333984,32.31468963623047,35.967873
35.341206,35.37676304499308,35.720455169677734,33.52028274536133,35.733055
34.847683,34.546703020731606,34.65142822265625,36.3297233581543,35.020042
34.847683,34.31220624923706,34.892154693603516,33.636722564697266,35.042995
34.847683,33.86733996709188,34.6252555847168,36.08087158203125,35.052803
34.847683,33.551500981648765,34.046669006347656,36.605369567871094,34.109554
34.459194,34.42070246378581,34.90147399902344,33.21195602416992,35.02811
34.459194,36.915481917063396,36.13343048095703,34.60447311401367,36.335133
34.459194,34.54622954686483,34.40510940551758,34.54270553588867,34.2031
34.459194,33.44039728164673,33.687679290771484,32.39871597290039,33.54492
35.62387,32.50121625900269,34.52910232543945,31.1971492767334,34.938915
35.62387,33.438496348063154,34.466453552246094,33.00110626220703,34.727932
35.62387,32.90368203481039,34.44105911254883,32.078125,34.257896
35.62387,34.70462363560994,35.22214889526367,31.598093032836914,35.35296
27.145319,29.822404816945394,28.0052433013916,30.601661682128906,27.403145
27.145319,29.49613753000895,27.97370719909668,29.384231567382812,27.590408
27.145319,29.06942850748698,27.681673049926758,28.692169189453125,27.417025
27.145319,27.908212229410807,27.217863082885742,29.729272842407227,27.09317
33.70966,33.58891497294108,33.48972702026367,33.53990936279297,33.54492
33.70966,33.35460667292277,33.77415084838867,32.379600524902344,34.092464
33.70966,33.70252038319906,33.772239685058594,32.975685119628906,34.092464
33.70966,33.68145181020101,33.65607833862305,34.510135650634766,33.54492
35.370266,36.45083313624064,35.56398391723633,36.186161041259766,35.687176
35.370266,37.29833928426107,36.116241455078125,38.62057113647461,36.352222
35.370266,36.207345453898114,35.61818313598633,36.11359786987305,35.687176
35.370266,36.68448008855184,35.934791564941406,34.71550750732422,35.94497
36.497005,36.0180869102478,35.813411712646484,36.446311950683594,35.944035
36.497005,36.36103782653809,35.919681549072266,36.89914321899414,35.96206
36.497005,35.60244736989339,35.6048583984375,33.42467498779297,35.69299
36.497005,36.77714412689209,36.40907669067383,36.306278228759766,36.352222
37.383774,37.54208813349406,37.755828857421875,36.62321090698242,38.105995
37.383774,37.702461064656575,37.39265823364258,36.6082763671875,37.249355
37.383774,36.04438607533773,36.0966796875,36.025508880615234,36.352222
37.383774,36.98361665089925,37.369747161865234,37.25136947631836,37.249355
37.75389,36.776116911570234,37.58087158203125,34.909297943115234,37.2408
37.75389,36.6881084950765,37.4297981262207,34.10652542114258,37.232265
37.75389,36.234561659495036,37.36592102050781,36.41006851196289,37.249355
37.75389,35.876168200174966,37.32334899902344,33.578914642333984,37.232265
32.41995,32.35687213261922,32.539798736572266,35.702415466308594,32.564835
32.41995,32.7401197942098,32.74713897705078,35.55936813354492,32.564835
32.41995,32.14998098373413,32.15708541870117,30.7955265045166,32.15495
32.41995,31.233507200876872,31.846099853515625,32.49114227294922,32.054234
31.980478,31.5491921488444,31.98845100402832,35.77277755737305,32.094643
31.980478,30.88607277552287,31.845123291015625,32.44091796875,32.054234
31.980478,31.17686284383138,31.52637481689453,31.057353973388672,31.533464
31.980478,31.123479232788085,31.6032657623291,32.232303619384766,31.533464
32.61166,32.409973799387615,32.50285720825195,32.71429443359375,32.547745
32.61166,32.615578441619874,32.73411178588867,35.67655944824219,32.564835
32.61166,32.59529437383016,32.668460845947266,33.741275787353516,32.547745
32.61166,32.39068996429443,32.25381088256836,35.815086364746094,31.981226
37.839626,37.403949953715006,37.95930099487305,35.3421745300293,38.105995
37.839626,36.6785152943929,36.88174819946289,35.13005828857422,37.249355
37.839626,36.77653746922811,37.8105583190918,37.72330093383789,38.105995
37.839626,35.981482938130696,37.801124572753906,33.505645751953125,38.088905
38.946907,37.86331472396851,38.36626434326172,34.267791748046875,37.803253
38.946907,37.95041302998861,37.9600830078125,37.72389602661133,38.93528
38.946907,39.602060349782306,39.6878776550293,36.307430267333984,39.974213
38.946907,38.08663407643636,37.822452545166016,37.058563232421875,38.93528
29.575434,31.116143226623535,29.836910247802734,32.2982177734375,29.589415
29.575434,31.362191117604574,30.818735122680664,34.633323669433594,30.249516
29.575434,31.615009848276774,30.140094757080078,32.047088623046875,29.566717
29.575434,32.26456171035767,30.682769775390625,35.08254623413086,29.623184
26.62891,29.86561986287435,27.58510398864746,31.82944679260254,27.174694
26.62891,29.41915199279785,26.8957576751709,31.53972625732422,27.029125
26.62891,28.948309637705485,27.2864933013916,30.403963088989258,26.969175
26.62891,29.18566541671753,27.875900268554688,31.02076530456543,27.526363
31.229637,32.71020222981771,31.926532745361328,34.360599517822266,31.650625
31.229637,32.79468873341878,31.51439666748047,32.605587005615234,30.74146
31.229637,33.05660916646322,32.375709533691406,34.62912368774414,32.456383
31.229637,32.271655356089276,31.273881912231445,30.97295570373535,30.907812
32.600574,35.62806768417359,34.7653923034668,36.898983001708984,34.99714
32.600574,33.46539354960124,33.168704986572266,36.43964385986328,32.999565
32.600574,33.6541681989034,33.52855682373047,34.589874267578125,33.54492
32.600574,32.95770022074382,33.1971549987793,32.63080596923828,32.481224
37.533394,36.634149125417075,36.89197540283203,36.89426803588867,37.249355
37.533394,37.25744735717773,36.9990234375,40.71279525756836,37.21423
37.533394,36.4958094851176,37.03387451171875,35.599491119384766,37.249355
37.533394,36.09540288289388,36.39793395996094,31.279008865356445,36.429634
36.207138,36.5115709177653,36.828125,37.743167877197266,36.891144
36.207138,36.38540381113688,35.96092987060547,35.34572982788086,35.96206
36.207138,37.432102839152016,35.8166618347168,36.87053298950195,35.976265
36.207138,37.33377895355225,36.221527099609375,36.61050033569336,36.352222
33.218597,32.789012667338056,34.01655960083008,35.43141555786133,33.829094
33.218597,32.87234718322754,33.662086486816406,29.11616325378418,33.251797
33.218597,32.294209995269775,32.521053314208984,37.105384826660156,32.415302
33.218597,32.134381001790366,32.82234191894531,37.51938247680664,32.638214
36.715683,35.374881432851154,34.74396514892578,31.49995231628418,35.12038
36.715683,34.258093719482424,35.44793701171875,31.536413192749023,35.69299
36.715683,35.50892322540283,36.470741271972656,34.363670349121094,36.874054
36.715683,34.888753236134846,36.43525314331055,34.21067810058594,36.335133
30.00743,32.122435290018714,30.86954116821289,35.35538101196289,30.207851
30.00743,33.85634692509969,36.42597961425781,33.0449333190918,35.09482
30.00743,32.691901779174806,30.78369903564453,36.72676467895508,29.583057
30.00743,32.201691767374676,30.718414306640625,35.90614700317383,29.98494
36.684357,34.38853901545207,35.74953842163086,33.628841400146484,35.733055
36.684357,34.300101324717204,36.55608367919922,30.675235748291016,36.240364
36.684357,34.75024312337239,35.98101806640625,35.529727935791016,36.352222
36.684357,34.79809286753336,35.67771530151367,33.63926696777344,35.733055
37.065845,36.77878819783529,36.51004409790039,39.6701545715332,36.891144
37.065845,37.2359476852417,37.13682556152344,38.352684020996094,37.249355
37.065845,37.005712051391605,36.937557220458984,42.51108932495117,37.21423
37.065845,37.17990837732951,36.873558044433594,36.395103454589844,37.249355
37.10748,37.14928145726522,37.13964080810547,41.37345886230469,37.21423
37.10748,37.05938171386719,36.53406524658203,40.04655075073242,36.891144
37.10748,36.96957367579142,36.861732482910156,36.50743103027344,36.891144
37.10748,37.07698183695475,37.47080612182617,37.37062072753906,37.212646
39.606354,38.20344539006551,39.13846206665039,38.07139587402344,39.435135
39.606354,38.06128449122111,39.087398529052734,39.123565673828125,39.435135
39.606354,35.00713406244914,37.99891662597656,36.54225158691406,38.616634
39.606354,38.22613785425822,38.92216491699219,37.54153060913086,39.435135
32.50529,31.588388334910075,31.641721725463867,30.68684959411621,31.487263
32.50529,32.04445878982544,32.25978469848633,27.813873291015625,32.245647
32.50529,32.374997749328614,32.61912155151367,28.221296310424805,32.75587
32.50529,32.022469991048176,31.321937561035156,30.05438995361328,31.37749
31.518177,33.57580639521281,32.92424011230469,40.773555755615234,32.99817
31.518177,33.09646546045939,31.973468780517578,34.290958404541016,31.527845
31.518177,32.47079777399699,31.425092697143555,33.264442443847656,30.983381
31.518177,33.12741341908773,32.33081817626953,36.869544982910156,31.878782
32.546135,32.25194240570068,32.58732986450195,32.19538497924805,32.398212
32.546135,32.206466852823894,32.4052734375,30.333112716674805,32.532616
32.546135,32.33537135442098,32.43695068359375,32.90375518798828,32.547745
32.546135,32.37550282796224,32.50510787963867,30.078462600708008,32.682148
33.922558,34.47062632878622,34.34658432006836,38.76838302612305,34.22019
33.922558,34.08247261683146,33.54732131958008,38.718082427978516,33.56201
33.922558,33.7388617070516,34.91530227661133,41.822898864746094,35.02496
33.922558,34.402625471750895,33.9539909362793,33.991214752197266,33.91652
29.333746,36.78655750910441,38.172584533691406,31.7551212310791,36.15203
29.333746,36.9493492825826,38.251834869384766,30.96694564819336,35.372463
29.333746,37.72469575246175,39.96535873413086,36.591861724853516,37.53412
29.333746,36.98894792556763,38.42288589477539,30.69919776916504,35.372463
37.89738,38.66744429906209,39.23637390136719,38.68661117553711,39.93809
37.89738,35.97823351542155,37.13079071044922,34.57728958129883,37.232265
37.89738,36.49198324203491,37.22166442871094,38.54231643676758,37.249355
37.89738,35.95825539271037,36.18307876586914,34.79909896850586,36.335133
35.776066,33.29981355667114,32.73711013793945,34.88786315917969,33.20483
35.776066,34.989125398000084,34.74309539794922,35.852081298828125,35.020042
35.776066,35.58244888305664,35.8091926574707,36.0025520324707,35.966938
35.776066,37.397813606262204,37.69209671020508,40.21455764770508,38.07087
34.14086,34.28050946553548,33.22377014160156,35.208580017089844,32.904934
34.14086,35.20326596577962,35.20261001586914,33.95418930053711,35.35296
34.14086,34.95376319885254,34.833717346191406,33.569061279296875,35.002953
34.14086,34.2936176554362,34.3141975402832,34.0560302734375,34.284412
27.865423,30.019657828013102,28.37599754333496,30.65494728088379,27.34051
27.865423,29.340435066223144,28.63477897644043,30.254613876342773,28.162992
27.865423,29.219081414540607,28.177854537963867,29.943614959716797,27.590408
27.865423,29.63652493794759,28.944772720336914,30.699491500854492,28.897963
29.272446,31.982985000610352,31.793466567993164,29.724966049194336,31.37749
29.272446,31.8232284228007,31.005483627319336,31.648948669433594,30.619574
29.272446,33.1044207127889,33.66147232055664,31.539897918701172,33.04367
29.272446,30.683599135080975,30.107711791992188,30.910024642944336,29.612919
31.118223,33.058847935994464,33.03792190551758,31.856292724609375,32.481224
31.118223,31.68902244567871,31.131200790405273,30.016603469848633,30.928602
31.118223,33.08614410400391,31.92498016357422,30.33225440979004,31.627697
31.118223,32.56586192448934,31.33818244934082,32.43959426879883,30.983381
25.442955,31.102533016204834,27.43922996520996,32.01780700683594,26.883451
25.442955,27.334146671295166,25.698556900024414,27.98851776123047,25.419182
25.442955,28.515135879516603,26.75575828552246,28.89003562927246,25.827171
25.442955,29.487566204071044,26.611177444458008,31.67976951599121,25.792334
37.00051,36.46095426559448,36.87308120727539,34.40434265136719,37.232265
37.00051,35.70171757380167,36.641170501708984,39.579471588134766,36.891144
37.00051,35.183089129130046,36.45769119262695,37.41041564941406,36.891144
37.00051,35.722033138275144,36.55032730102539,35.31291198730469,36.891144
35.06667,34.86499792098999,35.28721237182617,35.73727798461914,35.37005
35.06667,34.13553945541382,35.40004348754883,36.96348571777344,35.37005
35.06667,35.03308069229126,35.07435607910156,32.36760711669922,35.231934
35.06667,34.94427519480387,34.982177734375,33.968467712402344,35.231934
45.235912,40.11930716832479,41.59226608276367,43.41727828979492,42.658413
45.235912,42.52000118891398,44.37405776977539,44.0257568359375,44.211414
45.235912,41.73489465713501,43.62905502319336,42.54863357543945,44.211414
45.235912,39.85990832010905,41.06988525390625,41.41974639892578,42.658413
41.312965,40.80302792867025,41.747535705566406,42.1545295715332,42.576435
41.312965,40.40484939575195,40.91451644897461,43.204071044921875,42.576435
41.312965,40.423130372365314,39.16331481933594,39.65104675292969,40.305527
41.312965,39.3036637878418,38.953861236572266,39.23274612426758,39.977978
41.7444,38.62572322845459,39.321983337402344,39.86943817138672,39.977978
41.7444,38.99359994888306,40.62286376953125,37.40599060058594,42.15219
41.7444,39.89599677403768,41.27528762817383,41.185359954833984,42.658413
41.7444,40.62241919835409,40.781681060791016,43.077484130859375,42.576435
34.704937,34.02686393737793,33.68793869018555,36.04174041748047,33.56201
34.704937,35.29445948282878,35.423519134521484,33.75960922241211,35.35296
34.704937,35.05802530924479,34.84082794189453,37.21792221069336,35.020042
34.704937,35.725668055216474,36.11284637451172,33.60621643066406,36.335133
39.149376,38.149543908437096,38.263221740722656,34.014198303222656,38.632538
39.149376,38.16525588353475,38.77896499633789,35.290687561035156,39.435135
39.149376,37.79989318211874,38.58112716674805,36.64944839477539,38.60585
39.149376,37.76843750635783,38.51723098754883,34.841365814208984,38.634003
35.47563,36.19158016204834,35.703060150146484,40.03408432006836,35.72724
35.47563,36.12076421101888,35.70491409301758,36.3201904296875,35.72724
35.47563,35.92219427108765,35.62971496582031,37.82606887817383,35.687176
35.47563,35.91810284296672,35.93238830566406,36.20035171508789,35.96206
32.36782,33.748629048665364,33.15332794189453,32.17838668823242,32.982475
32.36782,32.62352369944254,32.77163314819336,32.507484436035156,32.547745
32.36782,32.79194051106771,32.752132415771484,32.92206954956055,32.547745
32.36782,33.18862323760986,32.644840240478516,35.678958892822266,32.999565
37.00756,36.484986063639326,36.76959991455078,34.547752380371094,36.874054
37.00756,37.12427407582601,37.44002151489258,38.2652473449707,37.212646
37.00756,36.35922808329264,36.85688781738281,36.15583419799805,36.891144
37.00756,37.0489993985494,36.16114044189453,39.0250244140625,36.352222
25.666557,29.05132910410563,26.217018127441406,34.34285354614258,25.520685
25.666557,29.25826816558838,29.26508140563965,30.661602020263672,28.871794
25.666557,28.45512628555298,28.18354606628418,30.349411010742188,27.466413
25.666557,29.929499289194744,28.31451416015625,32.61027145385742,27.40046
34.768192,35.91170460383098,34.75979232788086,35.013145446777344,34.99714
34.768192,35.32036195755005,33.706417083740234,35.49692153930664,33.45699
34.768192,36.35093152364095,35.6160774230957,36.43039321899414,35.687176
34.768192,35.68919884999593,34.41957473754883,35.52700424194336,34.268208
37.592674,37.66762482961019,37.91329574584961,39.247657775878906,38.105995
37.592674,37.53298573176066,38.01734161376953,35.909080505371094,38.105995
37.592674,38.064937076568604,38.020240783691406,40.621578216552734,38.900154
37.592674,37.42946788152059,37.41874313354492,36.20429229736328,37.249355
38.960976,36.818379910786945,34.65547561645508,35.965538024902344,35.6901
38.960976,37.25485236485799,37.64188766479492,34.20173263549805,38.088905
38.960976,37.27248498280843,37.78147506713867,35.990787506103516,38.105995
38.960976,37.10872898101807,38.250465393066406,34.3946647644043,37.803253
32.27359,32.49786403656006,33.418479919433594,34.37250518798828,33.11019
32.27359,32.19945504506429,32.35531234741211,29.839736938476562,32.507774
32.27359,32.43420017878214,32.33843994140625,33.17325210571289,32.168396
32.27359,33.04495820363363,33.15670394897461,33.88593673706055,32.481224
34.536453,33.97747301737468,33.97220993041992,33.892356872558594,34.092464
34.536453,33.894907506306964,34.25129318237305,34.19147491455078,34.302288
34.536453,33.321649182637536,33.5572509765625,31.12627410888672,33.678375
34.536453,33.02365041732788,32.390499114990234,36.53242874145508,32.498314
34.17278,34.06589630762736,34.30226516723633,35.251861572265625,34.319378
34.17278,30.988072420756023,29.73508071899414,34.835540771484375,29.87135
34.17278,34.281027247111005,33.72618865966797,35.20169448852539,33.46738
34.17278,34.06393419265747,34.14931869506836,33.96388626098633,34.092464
29.215467,31.504935423533123,30.7445011138916,29.686084747314453,30.19172
29.215467,31.112185357411704,30.339963912963867,30.57496452331543,29.612919
29.215467,30.68429109573364,31.01978874206543,33.19354248046875,30.724527
29.215467,31.626587607065836,30.489887237548828,31.839223861694336,29.52269
41.98921,39.396045729319255,42.25291061401367,37.435245513916016,42.31816
41.98921,38.79182015101115,41.142887115478516,35.51179885864258,42.15219
41.98921,39.37376560846965,41.55158615112305,37.890132904052734,42.15219
41.98921,38.78803454081218,41.04658126831055,36.84370422363281,42.15219
32.128864,36.25755605697632,35.438289642333984,36.781158447265625,35.347145
32.128864,33.23264249801636,30.3273983001709,35.184696197509766,30.144014
32.128864,34.277636165618894,33.26185607910156,37.193077087402344,32.904934
32.128864,35.044263203938804,34.723304748535156,34.95346450805664,35.020042
42.61873,40.33412188212077,40.61433029174805,43.37609100341797,42.576435
42.61873,40.56397424697876,40.85359573364258,36.72725296020508,42.261505
42.61873,38.34451311747233,41.07602310180664,39.79061508178711,42.192078
42.61873,38.25522181828817,39.20011901855469,40.46158981323242,40.008743
35.82553,34.83541353861491,35.673370361328125,34.55345153808594,35.733055
35.82553,34.92356009165446,35.856040954589844,35.58599090576172,35.966938
35.82553,35.14535084406535,35.51991653442383,34.68464279174805,35.69299
35.82553,34.24585255940755,35.44572830200195,35.153812408447266,35.71008
29.134647,31.621729729970298,30.35307502746582,33.74480438232422,29.588219
29.134647,32.03360211690267,30.307750701904297,32.015869140625,29.530422
29.134647,31.372305997212727,30.506805419921875,33.569217681884766,29.558987
29.134647,32.542152938842776,30.214555740356445,30.21448516845703,28.933182
28.095625,30.952215677897136,28.60318374633789,28.21489715576172,28.198425
28.095625,30.845749117533366,29.86635971069336,30.1490478515625,29.589415
28.095625,32.28270673751831,33.13545608520508,31.95522689819336,32.398212
28.095625,31.286748758951823,29.978601455688477,29.378520965576172,29.589415
35.014584,34.57553221384684,34.68290328979492,33.661590576171875,35.002953
35.014584,35.66740371704102,34.969505310058594,40.49984359741211,35.190994
35.014584,34.910185788472496,34.84700012207031,36.35893630981445,35.0452
35.014584,35.42213478088379,35.8465461730957,41.14224624633789,35.931812
38.275208,36.36559770584106,38.190650939941406,37.936283111572266,38.051704
38.275208,36.075875205993654,37.70124816894531,35.94324493408203,38.105995
38.275208,33.68140298843384,32.50511169433594,37.1365852355957,32.999565
38.275208,37.11328632990519,38.01359939575195,37.1511344909668,38.105995
33.87236,34.12607919692993,33.831626892089844,32.92162322998047,34.092464
33.87236,33.784960912068684,33.71501922607422,34.6285285949707,33.54492
33.87236,33.840092169443764,34.02919006347656,33.09077835083008,34.092464
33.87236,34.991963119506835,34.507266998291016,35.392520904541016,34.716755
39.157986,35.68382919947306,37.59791946411133,32.59370422363281,38.209076
39.157986,36.11934447606404,37.63343811035156,37.2126350402832,38.105995
39.157986,36.99210660298665,38.24807357788086,32.97359085083008,37.803253
39.157986,37.56120255788167,38.811798095703125,35.23478317260742,38.60585
37.66486,37.62112020492554,38.362308502197266,37.49408721923828,38.051704
37.66486,37.279287802378335,39.01127624511719,43.139713287353516,38.570724
37.66486,37.66351079305013,38.586029052734375,39.7032470703125,38.60585
37.66486,37.402197500864666,37.78361511230469,40.1401252746582,38.07087
35.226387,33.73675165176392,34.325401306152344,34.14945602416992,34.302288
35.226387,34.54659005482991,35.13022232055664,38.70180130004883,35.249023
35.226387,33.926865323384604,34.762176513671875,33.64756774902344,35.035713
35.226387,33.56616403579712,34.36614990234375,30.098026275634766,34.62345
29.763472,32.157118034362796,30.642892837524414,28.388248443603516,30.012285
29.763472,31.02993408838908,30.112409591674805,28.54067039489746,29.715149
29.763472,31.984589252471924,31.13385009765625,30.95260238647461,30.87758
29.763472,31.02996431986491,29.930679321289062,28.359132766723633,29.691645
36.27722,34.730580698649085,36.040061950683594,38.220733642578125,36.352222
36.27722,35.87162944157918,36.27172088623047,37.18291091918945,36.352222
36.27722,35.1867663192749,36.21293258666992,34.14016342163086,36.335133
36.27722,35.31803707122803,35.87970733642578,35.508609771728516,35.984962
34.974445,31.469973475138346,33.123836517333984,35.06660461425781,33.405308
34.974445,34.17764064788818,35.157535552978516,40.25984573364258,35.228783
34.974445,34.31133725484212,34.82768630981445,35.45439910888672,35.034927
34.974445,33.46640151977539,34.463043212890625,31.473987579345703,34.84536
35.08743,35.71303498586019,35.289939880371094,36.314754486083984,35.347145
35.08743,36.099714845021566,35.731475830078125,36.73432540893555,35.72724
35.08743,35.48595638910929,35.250980377197266,33.20016860961914,35.35296
35.08743,36.08159797032674,35.35500717163086,37.160552978515625,35.347145
34.994373,35.29117497762044,35.701805114746094,36.35196304321289,35.750145
34.994373,34.95068152109782,34.872406005859375,32.919612884521484,35.02811
34.994373,35.4565452448527,35.662933349609375,37.124778747558594,35.71008
34.994373,34.15514298756917,35.119300842285156,32.29582595825195,35.24682
32.416737,34.32389888127645,34.30341720581055,35.3714714050293,34.301502
32.416737,33.17881468454997,32.61866760253906,33.53951644897461,32.728443
32.416737,34.649798475901285,34.37055206298828,35.708038330078125,34.22019
32.416737,32.33997081756592,31.920970916748047,33.94247817993164,31.650625
35.435974,35.08698380788167,35.659183502197266,36.30107498168945,35.71008
35.435974,34.50930334091186,34.85564041137695,33.02643585205078,35.02811
35.435974,34.90045564651489,35.138675689697266,34.36892318725586,35.231934
35.435974,35.250403785705565,35.39874267578125,34.22972869873047,35.35296
36.72729,33.425184370676675,33.748573303222656,39.1872444152832,34.272522
36.72729,36.230342597961425,36.652286529541016,35.784698486328125,36.891144
36.72729,35.97135722478231,36.549110412597656,39.27143478393555,36.891144
36.72729,35.4386101659139,35.467262268066406,37.333656311035156,35.71008
34.880207,33.239848098754884,33.991485595703125,28.998689651489258,34.466152
34.880207,34.8222514851888,34.98885726928711,33.056522369384766,35.231934
34.880207,33.59830912272135,34.088905334472656,30.1966609954834,34.413628
34.880207,35.152372646331784,35.165870666503906,34.4754753112793,35.231934
31.194374,32.83154043197632,31.829410552978516,34.598819732666016,30.657051
31.194374,32.48523493448893,31.51907730102539,34.31112289428711,31.017935
31.194374,31.61599339167277,30.881359100341797,33.45310592651367,30.678326
31.194374,31.932641054789226,30.787250518798828,35.35640335083008,30.207851
30.715416,31.71832592010498,31.4601993560791,30.024856567382812,31.42851
30.715416,31.814966932932535,31.417978286743164,28.534452438354492,31.50224
30.715416,31.16131341934204,30.738094329833984,31.86036491394043,30.23792
30.715416,32.4117733001709,31.47248649597168,33.404197692871094,30.983381
35.173992,34.96304495493571,35.108978271484375,30.437314987182617,35.204445
35.173992,34.5782426071167,34.914031982421875,32.91791534423828,35.02811
35.173992,34.690468832651774,35.310611724853516,32.40583419799805,35.35296
35.173992,34.627836049397786,34.96202087402344,30.770980834960938,35.06863
39.08469,35.69324192682902,37.385738372802734,34.361637115478516,37.232265
39.08469,37.07822763442993,38.48068618774414,38.35546112060547,38.60585
39.08469,36.13002428690592,38.22224044799805,37.12984848022461,38.051704
39.08469,36.98138421376546,38.53934097290039,38.94428634643555,38.60585
32.8048,33.15902665456136,32.79029083251953,35.83760452270508,32.745533
32.8048,33.0732013575236,32.880924224853516,37.62192916870117,32.498314
32.8048,33.46512252171834,32.57905960083008,35.82331848144531,32.999565
32.8048,32.093309733072914,31.326831817626953,34.017974853515625,31.412043
42.273075,38.06077791213989,39.73436737060547,36.056278228759766,39.435135
42.273075,35.18987349192302,37.80406951904297,29.10938835144043,38.712723
42.273075,41.104563535054524,41.94690704345703,40.83074188232422,42.576435
42.273075,35.47448699315389,37.685272216796875,34.969024658203125,38.616634
26.417732,30.603928292592368,28.344799041748047,30.403879165649414,27.304533
26.417732,30.650306663513184,28.895160675048828,26.26718521118164,28.198425
26.417732,31.493577041625976,29.413299560546875,30.46162223815918,28.779339
26.417732,32.22377717971802,28.052473068237305,29.543848037719727,26.85328
33.69753,35.81758686065674,35.79667663574219,40.5494499206543,35.692116
33.69753,35.21631141026815,34.540592193603516,33.48448944091797,34.82268
33.69753,35.69710580190023,34.523311614990234,37.17784881591797,34.69385
33.69753,36.43556090672811,34.418548583984375,37.09157180786133,34.268208
34.77963,34.72870433807373,34.81959533691406,35.08759689331055,35.020042
34.77963,32.76632336298625,34.017616271972656,39.59251403808594,33.862823
34.77963,34.18629425048828,34.24995803833008,36.83439254760742,34.319378
34.77963,34.89022977828979,34.26739501953125,37.10066604614258,34.29111
36.257378,35.49213202794393,35.329803466796875,35.34120559692383,35.37005
36.257378,35.430767936706545,35.88662338256836,36.15312576293945,35.984962
36.257378,35.395856647491456,35.40439224243164,34.449520111083984,35.35296
36.257378,35.239984353383385,35.841129302978516,34.250892639160156,35.94985
26.958265,30.21838263829549,27.537738800048828,32.603206634521484,27.174694
26.958265,32.616091899871826,30.8739013671875,32.64431381225586,29.5483
26.958265,32.472519639333086,30.797866821289062,36.38433837890625,29.583057
26.958265,30.590554854075116,28.115459442138672,34.461761474609375,27.387726
35.677082,34.67563584009806,35.23655700683594,32.45637512207031,35.35296
35.677082,33.564110043843584,33.7967529296875,31.21415901184082,34.225918
35.677082,34.890924949646,34.70655059814453,36.360801696777344,35.020042
35.677082,33.80241737365723,33.957275390625,34.314971923828125,34.092464
35.42861,34.805670750935874,35.00602722167969,33.714027404785156,35.231934
35.42861,35.23497844060262,34.84441375732422,34.8168830871582,35.073353
35.42861,35.38611441294352,35.312644958496094,34.9273681640625,35.37005
35.42861,35.434995307922364,35.28249740600586,33.87103271484375,35.35296
28.556736,34.46926603317261,33.71097946166992,35.95655059814453,33.386066
28.556736,34.20608582814535,34.00080108642578,33.52349853515625,33.997833
28.556736,34.38625319163005,34.034969329833984,34.47228240966797,33.91652
28.556736,34.56063856760661,34.10044479370117,34.751190185546875,33.91652
34.997776,34.31887115478516,34.65854263305664,36.00495529174805,35.034927
34.997776,34.369954102834065,34.592655181884766,34.12065505981445,35.017838
34.997776,34.649480730692545,34.95919418334961,35.03757095336914,35.0452
34.997776,34.84555757522583,34.55634307861328,35.723182678222656,34.83977
33.492985,32.78742483774821,32.83491516113281,35.2013053894043,32.564835
33.492985,31.77059071858724,32.40665054321289,31.935434341430664,33.09323
33.492985,31.441516869862873,32.462486267089844,33.060829162597656,33.173645
33.492985,31.620970045725503,32.444828033447266,31.33713722229004,33.291073
31.561598,32.948627389272055,33.019203186035156,38.12362289428711,32.498314
31.561598,32.45980838139852,31.682409286499023,36.14080047607422,31.035023
31.561598,33.08045776367187,32.249229431152344,37.5308952331543,31.878782
31.561598,33.00899129231771,31.85540199279785,33.248146057128906,31.493292
40.302795,37.67563717524211,37.73626708984375,37.66437911987305,38.105995
40.302795,38.742527402242025,39.98776626586914,38.604488372802734,39.842022
40.302795,39.12828219095866,40.1837158203125,38.95588302612305,41.878983
40.302795,37.95790967941284,38.812801361083984,38.41237258911133,39.435135
44.697643,42.893995196024576,44.604087829589844,40.701053619384766,44.211414
44.697643,40.904539597829185,42.8818359375,41.37285232543945,44.211414
44.697643,42.38821818033854,44.12952423095703,37.06687927246094,44.171528
44.697643,40.054233112335204,43.00642013549805,39.669864654541016,44.252064
40.064056,38.69125966389974,39.77030563354492,36.4896354675293,39.93809
40.064056,38.62061800003052,39.697994232177734,36.11397933959961,39.93809
40.064056,39.45037033081055,39.92066955566406,37.38998031616211,40.00799
40.064056,39.385280005137126,39.94548416137695,38.53500747680664,39.842022
37.40979,36.530865071614585,38.30156326293945,36.61811828613281,38.051704
37.40979,37.51884583791097,38.18439483642578,34.97978591918945,38.051704
37.40979,35.61392957687378,37.3317985534668,34.4061164855957,37.232265
37.40979,36.77598993301392,36.92451858520508,35.133514404296875,37.249355
35.846806,33.884855817159014,33.9287223815918,34.056766510009766,34.092464
35.846806,35.092507661183674,35.91536331176758,32.29569625854492,35.967873
35.846806,35.18655694325765,35.08233642578125,35.59173583984375,35.249023
35.846806,33.60656832377116,35.02553176879883,30.256731033325195,35.456295
36.419304,35.08806058883667,36.258304595947266,35.119571685791016,36.352222
36.419304,35.825552508036296,36.182098388671875,33.21278762817383,36.335133
36.419304,34.96994494756063,35.377037048339844,36.30319595336914,35.37005
36.419304,35.837898133595786,36.089149475097656,34.42604446411133,36.335133
35.939724,35.364044183095295,35.91318130493164,36.29594039916992,35.984962
35.939724,33.92395126342773,35.379791259765625,32.73167037963867,35.35296
35.939724,35.346188100179035,35.79939651489258,34.182708740234375,35.94985
35.939724,34.74630037943522,35.73676681518555,34.805728912353516,35.778297
33.543125,34.01333817799886,33.860748291015625,33.82040786743164,34.092464
33.543125,33.30511484781901,34.22882080078125,32.20158767700195,34.302288
33.543125,33.56726281483968,34.14012145996094,34.52752685546875,34.092464
33.543125,33.89666213989258,33.56314468383789,33.69770431518555,33.54492
35.565903,35.356143188476565,35.523799896240234,33.54228973388672,35.69299
35.565903,35.11356499354044,35.579837799072266,34.76314163208008,35.69299
35.565903,35.10279972712199,35.483375549316406,33.980804443359375,35.69299
35.565903,34.681399243672686,35.615150451660156,33.29056167602539,35.69299
34.34125,34.415212128957116,34.51779556274414,31.9714298248291,34.628742
34.34125,34.10860878626506,34.094791412353516,32.66508483886719,34.092464
34.34125,34.48957520802816,33.33834457397461,35.886898040771484,32.82362
34.34125,33.95679801305135,33.628570556640625,35.125694274902344,33.56201
34.707706,34.81950834910075,33.74105453491211,39.061161041259766,34.185375
34.707706,34.365891710917154,34.37235641479492,32.40300369262695,34.384136
34.707706,34.54009044011434,34.80555725097656,32.85088348388672,35.002953
34.707706,35.163864561716714,34.734840393066406,34.92325973510742,35.020042
35.83915,35.67037027994792,36.02916717529297,32.67503356933594,36.335133
35.83915,34.95408819198608,33.973228454589844,34.82236862182617,34.209797
35.83915,34.90289601008097,35.38249206542969,35.63996887207031,35.37005
35.83915,36.46572971343994,36.004032135009766,33.5941047668457,36.335133
33.885258,34.340563151041664,34.02737045288086,34.49215316772461,33.997833
33.885258,34.24375816345215,33.841129302978516,37.20363998413086,34.014923
33.885258,34.31154057184855,34.02816390991211,34.336151123046875,33.997833
33.885258,34.1004090944926,34.15336608886719,31.231719970703125,34.209892
34.715572,34.2106924756368,34.448524475097656,29.77646255493164,34.925373
34.715572,33.9888051478068,34.342891693115234,32.26218795776367,34.302288
34.715572,33.94896599451701,34.47926712036133,30.9552059173584,34.795155
34.715572,34.63807393391927,34.49231719970703,32.75312423706055,34.628742
32.92221,33.0082929611206,33.01292037963867,30.85542106628418,32.59865
32.92221,33.15232986450195,32.936092376708984,30.1063175201416,32.88651
32.92221,33.411204935709634,33.131404876708984,26.581594467163086,33.232655
32.92221,32.997187321980796,32.839111328125,30.189849853515625,32.615627
25.676035,26.256201362609865,26.10591697692871,26.951847076416016,25.419182
25.676035,26.9666747601827,26.122957229614258,26.502574920654297,25.53228
25.676035,26.93243839263916,26.14750099182129,26.701862335205078,25.53228
25.676035,27.001111024220783,25.88241195678711,33.24773025512695,25.384344
29.716785,30.060248794555665,29.747379302978516,35.24507522583008,29.700966
29.716785,30.209916451772052,29.829694747924805,32.36713790893555,29.624292
29.716785,29.782586472829184,29.473859786987305,27.95368003845215,29.336874
29.716785,29.699262002309162,29.8586483001709,30.61954116821289,29.624292
33.18566,33.8518449529012,33.35464096069336,33.05321502685547,33.54492
33.18566,33.504559892018634,33.64866256713867,33.51271057128906,33.54492
33.18566,33.53349751790365,33.18667984008789,37.146583557128906,32.999565
33.18566,33.38186336517334,33.24459457397461,33.07473373413086,32.982475
31.10451,33.20958395640055,31.354290008544922,37.80623245239258,31.43187
31.10451,32.30773904800415,31.34012794494629,36.31576156616211,30.994896
31.10451,33.496964645385745,32.09767150878906,36.354183197021484,32.081173
31.10451,32.26412591298421,31.661365509033203,35.860958099365234,31.035023
38.99753,35.73248919804891,37.786293029785156,32.93550491333008,38.209076
38.99753,36.95475048065185,37.96992492675781,33.183448791503906,38.088905
38.99753,36.250787029266355,38.557090759277344,32.7557487487793,38.470943
38.99753,35.94965485890707,38.38600540161133,33.292213439941406,37.923424
30.727142,32.64570554097494,31.169292449951172,31.64023780822754,30.907812
30.727142,31.35304251352946,30.976348876953125,32.9163932800293,30.678326
30.727142,31.81556677500407,31.106809616088867,30.463764190673828,30.619574
30.727142,31.89691832224528,30.74993133544922,30.604122161865234,30.132967
41.95801,39.03485287984212,41.278141021728516,36.437347412109375,42.15219
41.95801,39.956114533742266,41.68321228027344,36.06658172607422,42.24512
41.95801,40.329011618296306,41.48614501953125,36.876312255859375,42.24512
41.95801,40.98815602620443,40.163604736328125,38.88572692871094,42.22965
35.752014,35.555740203857425,35.74497985839844,34.49408721923828,35.733055
35.752014,35.4484925587972,34.984710693359375,37.3701057434082,35.249023
35.752014,35.76119791666667,35.53034973144531,34.54899597167969,35.670086
35.752014,35.20044996261597,35.54881286621094,33.17805480957031,35.69299
32.167404,33.997942186991374,32.946327209472656,37.05544662475586,32.999565
32.167404,33.45977399190267,32.94704818725586,34.00349044799805,32.982475
32.167404,34.32297585805257,32.64075469970703,37.44206619262695,32.904934
32.167404,33.22397974650065,32.00687789916992,33.14905548095703,32.02953
26.43472,29.564412015279135,28.354713439941406,27.888751983642578,27.648006
26.43472,29.90551073074341,27.814544677734375,34.3711051940918,27.423702
26.43472,29.871216780344646,28.086416244506836,30.555862426757812,27.34051
26.43472,29.650633373260497,27.981399536132812,36.21456527709961,27.529129
32.027695,33.12869988123576,32.37273025512695,34.88753890991211,32.678738
32.027695,33.16364396413167,32.6201286315918,38.71179962158203,32.745533
32.027695,33.234190680185954,32.03702926635742,33.65812301635742,32.064083
32.027695,32.591935316721596,32.29912567138672,33.69855499267578,31.964138
44.70108,43.46491349538167,43.90027618408203,41.76896286010742,44.211414
44.70108,40.51684542973836,42.661434173583984,37.31645202636719,44.171528
44.70108,39.94500396728515,40.87727355957031,40.67816162109375,42.658413
44.70108,40.286521174112956,40.609405517578125,37.29814529418945,42.618526
42.3487,41.43248589833578,41.872947692871094,42.79356002807617,42.576435
42.3487,41.797261498769124,41.94150924682617,42.471378326416016,42.576435
42.3487,40.93740753809611,41.855743408203125,41.36155700683594,42.576435
42.3487,41.26892167409261,42.04608154296875,40.864986419677734,42.576435
35.076538,34.07237596511841,34.7879638671875,36.673213958740234,35.052803
35.076538,34.29021060307821,34.725677490234375,36.92382049560547,35.034927
35.076538,34.77632431030273,34.918975830078125,32.44120407104492,35.02811
35.076538,33.624978618621824,34.52515411376953,39.00393295288086,34.86804
39.275833,39.019946308135985,39.24650573730469,33.79934310913086,39.93087
39.275833,38.29775691986084,38.4037971496582,36.528255462646484,39.383945
39.275833,38.86729908625285,38.7321662902832,36.01245880126953,39.93809
39.275833,38.42828535079956,38.16531753540039,37.19205093383789,39.383945
38.983093,37.36596046447754,37.72216796875,38.699058532714844,38.105995
38.983093,37.58179907480876,39.07149124145508,36.89944076538086,38.60585
38.983093,37.67377554575602,39.02029037475586,38.22416305541992,38.60585
38.983093,38.45729578653971,39.73829650878906,40.30189895629883,40.008743
36.575237,37.751510785420734,38.880165100097656,37.897216796875,38.60585
36.575237,37.500164114634195,38.712650299072266,35.57230758666992,38.60585
36.575237,38.22045294443766,39.16485595703125,39.1689453125,39.435135
36.575237,37.423373521169026,38.866065979003906,37.05919647216797,38.60585
37.014736,37.435788014729816,37.2802619934082,39.77177047729492,37.249355
37.014736,37.04135196685791,36.511962890625,35.9099235534668,36.891144
37.014736,37.07337790171305,37.35287857055664,37.822425842285156,37.249355
37.014736,37.676420834859215,37.310977935791016,40.02888870239258,37.249355
28.127718,28.736585375467936,28.107309341430664,30.132936477661133,27.590408
28.127718,28.78051898320516,28.620779037475586,30.752233505249023,28.098948
28.127718,28.97297742843628,28.799922943115234,29.194942474365234,28.244022
28.127718,28.890311501820882,28.782024383544922,32.52417755126953,28.098948
38.835945,39.54278672536214,39.25631332397461,36.760066986083984,39.974213
38.835945,38.75011741002401,38.7806510925293,36.468772888183594,39.93809
38.835945,35.949743836720785,36.10340118408203,35.331966400146484,36.352222
38.835945,38.14414507548015,38.08196258544922,38.36458969116211,38.93528
30.061714,29.828365160624188,30.199298858642578,29.953325271606445,29.707125
30.061714,29.96994318644206,30.410734176635742,29.063499450683594,29.809355
30.061714,30.007879390716553,30.900930404663086,30.887502670288086,30.818733
30.061714,29.663492851257324,30.695476531982422,29.621578216552734,30.332127
33.412006,33.57579566319784,33.71548080444336,31.772296905517578,33.54492
33.412006,34.06005944569905,33.112335205078125,29.203153610229492,33.232655
33.412006,33.656415723164876,32.242637634277344,33.072349548339844,32.362946
33.412006,33.134761288960775,32.84146499633789,30.22793960571289,32.615627
41.581528,39.866038150787354,39.1790885925293,39.84447479248047,40.387505
41.581528,41.447658189137776,41.553733825683594,39.35494613647461,42.576435
41.581528,41.04383941650391,41.40286636352539,41.79082489013672,42.576435
41.581528,40.51135243097941,40.12619400024414,38.57842254638672,42.22965
23.70327,26.229565664927165,24.468374252319336,27.036529541015625,24.434383
23.70327,27.993865973154705,25.59733009338379,24.210750579833984,24.59999
23.70327,26.81261998494466,24.720335006713867,27.227684020996094,24.5283
23.70327,28.437036724090575,25.411945343017578,24.089963912963867,24.59999
